{"cameraMode":{"drawMode":0,"name":"Shaded","section":"Shading Mode"},"sceneLighting":true,"audioPlay":false,"sceneViewState":{"m_AlwaysRefresh":false,"showFog":true,"showSkybox":true,"showFlares":true,"showImageEffects":true,"showParticleSystems":true,"showVisualEffectGraphs":true,"m_FxEnabled":true},"in2DMode":false,"pivot":{"x":-0.26179197430610659,"y":-2.8433215618133547,"z":2.7252795696258547},"rotation":{"x":0.4302985966205597,"y":-0.01624712347984314,"z":0.007746878545731306,"w":0.9025130867958069},"size":9.004923820495606,"orthographic":true}